32;2BConcept
1;Menuiserie-land
2;Menu-mat
3;Perrein
4;Sud Difusion
5;Brico-man
6;Antoine jardin
7;Kermat
8;Viapro's
9;Beze
10;Mb Direct
11;Id Park 
12;JP bois Diffusion
13;MQS
14;Habitat
15;Primarenov S.A
16;S.C.I MCD
17;MLS Menuiseries (Rey Giraud)
18;FDI
19;TY BRAZ
20;Chretien
21;Brico cash
22;Bricorama
23;Qualité & Ouvertures
24;Marcelo Peixoto
25;Fumegas
26;Fixpaços
27;Statusedge (opertac)
28;Gadoor
29;Melo Sousa
30;Multi preve
31;Renove cloison
33;Concept menuiserie
34;PEC
35;SECI RENOVATION
36;Papelider
37;RSM
38;Sainthimat
39;Mendes
40;Suratem
41;Da Silva
42;Fab Alu
43;Laranjeira
44;LRW
45;Ab Profils
46;La Royale
47;Galland
48;Liechty
49;Daurit
50;Batkor
51;Rhone Alpes
52;Vijagu
53;Mactec
54;AMF
55;Nogueira
56;Detcheverry
57;Equip'baies
58;Pronordif
59;Sonnier
60;NFI
61;Secciportas
62;Concept aluminium
63;Caseo
64;Chauvin (DMI)
65;MBPA
66;Garden
67;Fermetures Dauphinoises
68;Defaux
69;CDA
70;Descours&Cabaud
71;Fenêtres Vannetaises
72;Cerpav
73;Bricodepot
74;Fermetures du Lyonnais Ouest
75;Dasilva Dom
76;2M conseil
77;Beauplet Languilles
78;Fermetures DSF
79;Batiman
80;Castorama
